﻿<?xml version="1.0" encoding="utf-8"?>
<Configuration xmlns:xsd="http://www.w3.org/2001/XMLSchema" xmlns:xsi="http://www.w3.org/2001/XMLSchema-instance">
  <PathToModHost>..\Host\EmpyrionModHost.exe</PathToModHost>
  <AutostartModHost>true</AutostartModHost>
  <AutostartModHostAfterNSeconds>10</AutostartModHostAfterNSeconds>
  <AutoshutdownModHost>true</AutoshutdownModHost>
  <EmpyrionToModPipeName>EmpyrionToModPipec4c9423cb034464eb4bb420412dff270</EmpyrionToModPipeName>
  <ModToEmpyrionPipeName>ModToEmpyrionPiped07c5c44fa45468d812aa791b6f80e85</ModToEmpyrionPipeName>
  <HostProcessId>0</HostProcessId>
  <WithShellWindow>false</WithShellWindow>
</Configuration>