﻿<?xml version="1.0" encoding="utf-8"?>
<Configuration xmlns:xsd="http://www.w3.org/2001/XMLSchema" xmlns:xsi="http://www.w3.org/2001/XMLSchema-instance">
  <PathToModHost>..\Host\EmpyrionModHost.exe</PathToModHost>
  <AutostartModHost>true</AutostartModHost>
  <AutostartModHostAfterNSeconds>10</AutostartModHostAfterNSeconds>
  <AutoshutdownModHost>true</AutoshutdownModHost>
  <EmpyrionToModPipeName>EmpyrionToModPipead6d271e7a2e4788969d4c91a0110461</EmpyrionToModPipeName>
  <ModToEmpyrionPipeName>ModToEmpyrionPipe866d444ebd6846198e59dfd0a8216b4b</ModToEmpyrionPipeName>
  <HostProcessId>0</HostProcessId>
  <WithShellWindow>false</WithShellWindow>
  <GlobalStructureListUpdateIntervallInSeconds>30</GlobalStructureListUpdateIntervallInSeconds>
</Configuration>